{
  "baseline": {
    "stage": "패치 전",
    "total_documents": 20,
    "total_chunks": 226,
    "avg_search_time": 14.905522108078003,
    "avg_query_time_ms": 1.495361328125,
    "memory_used_mb": 19.646484375,
    "files_per_minute": 8,
    "concurrent_users": 1,
    "cache_hit_rate": 0
  },
  "stage1": {
    "stage": "1단계",
    "total_documents": 50,
    "total_chunks": 605,
    "avg_search_time": 8.9433132648468,
    "avg_query_time_ms": 0.560760498046875,
    "memory_used_mb": 15.7171875,
    "files_per_minute": 12,
    "concurrent_users": 2,
    "cache_hit_rate": 15
  },
  "current_stage2": {
    "stage": "현재 (2단계)",
    "total_documents": 100,
    "total_chunks": 1815,
    "avg_search_time": 5.962208843231201,
    "min_search_time": 4.215359687805176,
    "max_search_time": 8.833364725112915,
    "avg_confidence": 0.8056646893808168,
    "avg_query_time_ms": 0.186920166015625,
    "memory_used_mb": 13.09765625,
    "index_count": 18,
    "files_per_minute": 25,
    "concurrent_users": 5,
    "cache_hit_rate": 25
  },
  "stage3": {
    "stage": "3단계",
    "total_documents": 200,
    "total_chunks": 3630,
    "avg_search_time": 1.7034882409232002,
    "avg_query_time_ms": 0.04673004150390625,
    "memory_used_mb": 9.168359375,
    "files_per_minute": 80.0,
    "concurrent_users": 15,
    "cache_hit_rate": 85,
    "async_processing": true,
    "distributed_workers": 8
  },
  "measurement_time": "2025-09-28 23:30:37",
  "test_method": "simulated_with_real_current",
  "graph_data": {
    "stages": [
      "패치 전",
      "1단계",
      "2단계",
      "3단계"
    ],
    "search_times": [
      14.905522108078003,
      8.9433132648468,
      5.962208843231201,
      1.7034882409232002
    ],
    "query_times": [
      1.495361328125,
      0.560760498046875,
      0.186920166015625,
      0.04673004150390625
    ],
    "files_per_minute": [
      8,
      12,
      25,
      80.0
    ],
    "concurrent_users": [
      1,
      2,
      5,
      15
    ],
    "cache_hit_rates": [
      0,
      15,
      25,
      85
    ],
    "memory_efficiency": [
      100,
      125,
      150,
      214
    ]
  }
}